-- Заполнение таблицы Users
INSERT INTO [Users] ([ID], [FullName], [Phone], [Email], [Password], [AccountType]) VALUES
(1, 'John Doe', '1234567890', 'john.doe@example.com', 'password1', 1),
(2, 'Alice Smith', '9876543210', 'alice.smith@example.com', 'password2', 1),
(3, 'Bob Johnson', '5555555555', 'bob.johnson@example.com', 'password3', 1),
(4, 'Mary Brown', '4441112222', 'mary.brown@example.com', 'password4', 1),
(5, 'James Wilson', '7778889999', 'james.wilson@example.com', 'password5', 1),
(6, 'Sarah Taylor', '3332221111', 'sarah.taylor@example.com', 'password6', 1),
(7, 'Michael Anderson', '6667778888', 'michael.anderson@example.com', 'password7', 1),
(8, 'Emily Clark', '9998887777', 'emily.clark@example.com', 'password8', 1),
(9, 'Daniel Davis', '1231231234', 'daniel.davis@example.com', 'password9', 1),
(10, 'Laura Moore', '4564564567', 'laura.moore@example.com', 'password10', 1),

(11, 'Emily Davis', '4443332221', 'emily.davis@example.com', 'password11', 2),
(12, 'Michael Wilson', '1112223334', 'michael.wilson@example.com', 'password12', 2),
(13, 'Sarah Brown', '7777777000', 'sarah.brown@example.com', 'password13', 2),
(14, 'David Lee', '8888888888', 'david.lee@example.com', 'password14', 2),
(15, 'Jennifer White', '3333333333', 'jennifer.white@example.com', 'password15', 2),
(16, 'John Green', '2222222222', 'john.green@example.com', 'password16', 2),
(17, 'Jessica King', '5555555555', 'jessica.king@example.com', 'password17', 2),
(18, 'Alexis Hill', '9999999999', 'alexis.hill@example.com', 'password18', 2),
(19, 'Brian Scott', '7777777777', 'brian.scott@example.com', 'password19', 2),
(20, 'Olivia Adams', '1111111111', 'olivia.adams@example.com', 'password20', 2),

(21, 'Kevin Lee', '6668880001', 'kevin.lee@example.com', 'password21', 3),
(22, 'Sophia Miller', '2224446667', 'sophia.miller@example.com', 'password22', 3),
(23, 'Liam Wilson', '9991110002', 'liam.wilson@example.com', 'password23', 3),
(24, 'Emma Martinez', '3334445556', 'emma.martinez@example.com', 'password24', 3),
(25, 'William Collins', '7773332223', 'william.collins@example.com', 'password25', 3),
(26, 'Ava Perez', '1119998887', 'ava.perez@example.com', 'password26', 3),
(27, 'Henry Thompson', '6664442228', 'henry.thompson@example.com', 'password27', 3),
(28, 'Madison Baker', '8885556669', 'madison.baker@example.com', 'password28', 3),
(29, 'Nathan Reed', '4447779995', 'nathan.reed@example.com', 'password29', 3),
(30, 'Chloe Carter', '2228887774', 'chloe.carter@example.com', 'password30', 3),

(31, 'Gaag Gleb Alexandrovich', '88005553535', 'gaagga@mer.ci.nsu.ru', 'admin', 0);

-- Заполнение таблицы Sellers
INSERT INTO [Sellers] ([ID], [Address], [ITIN], [UserID]) VALUES
(1, 'Москва, ул. Ленина, д.1', '123456789012', 11),
(2, 'Санкт-Петербург, пр. Невский, д.5', '987654321098', 12),
(3, 'Екатеринбург, ул. Пушкина, д.10', '111122223333', 13),
(4, 'Казань, пр. Баумана, д.15', '444433332222', 14),
(5, 'Нижний Новгород, ул. Горького, д.20', '765432198765', 15),
(6, 'Ростов-на-Дону, ул. Кирова, д.30', '456732189876', 16),
(7, 'Волгоград, пр. Ленина, д.25', '982176543200', 17),
(8, 'Самара, ул. Советская, д.40', '200043219874', 18),
(9, 'Уфа, ул. Победы, д.50', '165430954321', 19),
(10, 'Краснодар, пр. Мира, д.55', '700452139876', 20);

-- Заполнение таблицы Products
INSERT INTO [Products] ([ID], [Name], [Price], [Category], [Description], [SellerID], [Rating]) VALUES
(1, 'Футболка Jameson', 20.99, 'Одежда', 'Хлопковая футболка', 6, 4),
(2, 'Джинсы Kadia', 39.99, 'Одежда', 'Джинсы Skinny Fit', 8, 3),
(3, 'Кроссовки Adidas', 59.99, 'Обувь', 'Спортивные кроссовки', 7, 5),
(4, 'Кроссовки Nike', 89.99, 'Обувь', 'Спортивные кроссовки', 9, 4),
(5, 'Кроссовки Mike', 100.59, 'Обувь', 'Спортивные кроссовки', 5, 5),
(6, 'Куртка Horos', 209.99, 'Одежда', 'Спортивные куртки', 2, 3),
(7, 'Куртка Shlapa', 229.99, 'Одежда', 'Зимняя куртка', 1, 2),
(8, 'Футболка Adidas', 29.99, 'Одежда', 'Спортивная футболка от Adidas', 6, 4),
(9, 'Джинсы Levi''s', 49.99, 'Одежда', 'Классические джинсы от Levi''s', 9, 5),
(10, 'Кроссовки Nike Air Max', 99.99, 'Обувь', 'Популярные кроссовки Nike Air Max', 8, 3),
(11, 'Спортивные штаны Puma', 44.99, 'Одежда', 'Удобные и стильные штаны для занятий спортом', 2, 4),
(12, 'Ноутбук HP Pavilion', 699.99, 'Техника', 'Мощный ноутбук для работы и развлечений', 1, 5),
(13, 'Зонт Fulton', 19.99, 'Аксессуары', 'Надежный и красивый зонт для дождливой погоды', 6, 4),
(14, 'Кофта Gap', 34.99, 'Одежда', 'Уютная кофта для повседневного ношения', 7, 3),
(15, 'Сумка для путешествий Samsonite', 139.99, 'Сумки и рюкзаки', 'Прочная и просторная сумка для путешествий', 3, 5),
(16, 'Шапка New Era', 24.99, 'Аксессуары', 'Стильная шапка от известного бренда', 8, 4),
(17, 'Комплект посуды Tefal', 79.99, 'Товары для дома', 'Качественный и удобный набор посуды', 7, 3),
(18, 'Спортивный рюкзак Nike', 59.99, 'Сумки и рюкзаки', 'Удобный рюкзак для занятий спортом', 6, 5),
(19, 'Фитнес-браслет Fitbit', 49.99, 'Электроника', 'Умный браслет для отслеживания физической активности', 3, 4),
(20, 'Портфель Pierre Cardin', 89.99, 'Сумки и рюкзаки', 'Элегантный портфель от известного дизайнера', 7, 5),
(21, 'Платье Calvin Klein', 79.99, 'Одежда', 'Элегантное платье от Calvin Klein', 4, 3),
(22, 'Часы Casio G-Shock', 129.99, 'Аксессуары', 'Стойкие и функциональные часы Casio', 7, 4),
(23, 'Рюкзак The North Face', 69.99, 'Сумки и рюкзаки', 'Прочный рюкзак для активного образа жизни', 9, 5),
(24, 'Брендовая сумка Gucci', 199.99, 'Сумки и рюкзаки', 'Элитная сумка от Gucci', 4, 2),
(25, 'Куртка Columbia', 89.99, 'Одежда', 'Теплая и ветрозащитная куртка для активного отдыха', 7, 4),
(26, 'Наушники Sony', 39.99, 'Электроника', 'Качественные наушники с хорошим звуком', 8, 5),
(27, 'Смартфон Samsung Galaxy', 299.99, 'Техника', 'Современный смартфон с высокими техническими характеристиками', 9, 3),
(28, 'Ботинки Timberland', 149.99, 'Обувь', 'Прочные и стильные ботинки для повседневной носки', 5, 4);

-- Заполнение таблицы PickupPoints
INSERT INTO [PickupPoints] ([ID], [Name], [Address], [Phone], [WorkingHours], [Rating]) VALUES
(1, 'Пункт выдачи А', 'ул. Главная, д. 123, Город А, Страна А', '+1234567890', '9:00-17:00', 5.0),
(2, 'Пункт выдачи Б', 'пр. Эльм, д. 456, Город Б, Страна Б', '+1987654321', '8:00-18:00', 4.5),
(3, 'Пункт выдачи В', 'ул. Дубовая, д. 789, Город В, Страна В', '+1122334455', '7:00-19:00', 3.6),
(4, 'Пункт выдачи Г', 'пер. Сосновый, д. 321, Город Г, Страна Г', '+9988776655', '10:00-16:00', 3.4),
(5, 'Пункт выдачи Д', 'ул. Кедровая, д. 654, Город Д, Страна Д', '+6677889900', '9:00-20:00', 5.0),
(6, 'Пункт выдачи Е', 'пр. Березовый, д. 987, Город Е, Страна Е', '+5544332211', '8:00-20:00', 2.0),
(7, 'Пункт выдачи Ж', 'пр. Клёновый, д. 234, Город Ж, Страна Ж', '+1122334455', '7:00-18:00', 4.3),
(8, 'Пункт выдачи З', 'ул. Ивовая, д. 789, Город З, Страна З', '+9988776655', '9:00-17:00', 5.0),
(9, 'Пункт выдачи И', 'ул. Ясеневая, д. 123, Город И, Страна И', '+6677889900', '7:00-21:00', 2.8),
(10, 'Пункт выдачи К', 'пр. Вишнёвый, д. 456, Город К, Страна К', '+5544332211', '10:00-18:00', 3.9);

-- Заполнение таблицы Employees
INSERT INTO [Employees] ([ID], [Position], [Salary], [PickupPointID], [UserID]) VALUES
(1, 'Менеджер по продажам', 50000, 1, 1),
(2, 'Аналитик данных', 60000, 5, 2),
(3, 'Маркетолог', 55000, 4, 3),
(4, 'Сотрудник ПВЗ', 52000, 2, 4),
(5, 'Сотрудник ПВЗ', 65000, 3, 5),
(6, 'Финансовый аналитик', 58000, 8, 6),
(7, 'Директор по продажам', 75000, 7, 7),
(8, 'Сотрудник ПВЗ', 53000, 9, 8),
(9, 'Логист', 56000, 6, 9),
(10, 'Сотрудник ПВЗ', 62000, 10, 10);

-- Заполнение таблицы Customers
INSERT INTO [Customers] ([ID], [CardNumber], [UserID]) VALUES
(1, '1234 5678 9012 3456', 21),
(2, '2345 6789 0123 4567', 22),
(3, '3456 7890 1234 5678', 23),
(4, '4567 8901 2345 6789', 24),
(5, '5678 9012 3456 7890', 25),
(6, '6789 0123 4567 8901', 26),
(7, '7890 1234 5678 9012', 27),
(8, '8901 2345 6789 0123', 28),
(9, '9012 3456 7890 1234', 29),
(10, '0123 4567 8901 2345', 30);

-- Заполнение таблицы Orders
INSERT INTO [Orders] ([ID], [CustomerID], [EmployeeID], [OrderDate], [TotalAmount]) VALUES
(1, 1, 7, '2023-10-11', 150.00), 
(2, 2, 5, '2024-01-08', 180.00),
(3, 3, 8, '2024-01-09', 130.00),
(4, 4, 3, '2024-01-12', 95.00),
(5, 5, 10, '2024-01-22', 210.50),
(6, 6, 6, '2024-01-22', 145.00),
(7, 7, 9, '2024-02-05', 160.00),
(8, 8, 4, '2024-02-15', 175.00),
(9, 9, 2, '2024-03-01', 190.00),
(10, 10, 1, '2024-03-06', 205.00);

-- Заполнение таблицы OrderDetails
INSERT INTO [OrderDetails] ([ID], [OrderID], [ProductID], [PickupPointID], [Quantity]) VALUES
(1, 1, 5, 1, 2),
(2, 2, 17, 5, 1),
(3, 3, 22, 4, 1),
(4, 4, 13, 2, 1),
(5, 5, 7, 3, 3),
(6, 5, 3, 7, 1),
(7, 6, 3, 7, 1),
(8, 7, 20, 7, 2),
(9, 8, 19, 9, 1),
(10, 9, 11, 7, 4),
(11, 10, 12, 10, 1);
